{
  "project_info": {
    "project_number": "1021076018708",
    "project_id": "adutils-44617",
    "storage_bucket": "adutils-44617.appspot.com"
  },
  "client": [
    {
      "client_info": {
        "mobilesdk_app_id": "1:1021076018708:android:44fe82cec0c1eddfcf3901",
        "android_client_info": {
          "package_name": "com.appyhigh.adutils"
        }
      },
      "oauth_client": [
        {
          "client_id": "1021076018708-67fu9ut0iaqjk0vf307srsh983oaa4k5.apps.googleusercontent.com",
          "client_type": 3
        }
      ],
      "api_key": [
        {
          "current_key": "AIzaSyAasniowjqCdHAWldeHULi_peTYSN6fvo8"
        }
      ],
      "services": {
        "appinvite_service": {
          "other_platform_oauth_client": [
            {
              "client_id": "1021076018708-67fu9ut0iaqjk0vf307srsh983oaa4k5.apps.googleusercontent.com",
              "client_type": 3
            }
          ]
        }
      }
    }
  ],
  "configuration_version": "1"
}